Quero um conteúdo em vídeo que fale sobre arqueologia e o navio Barba Negra;A fascinante física do dia a dia
Video sobre o navio do Barba Negra;A fascinante física do dia a dia
A arqueologia de Navio do Barba Negra;A fascinante física do dia a dia
Tem algum vídeo que relacione a música com a IA;Como IA poderia compor uma trilha sonora para sua vida
Musica com realcionada a IA;Como IA poderia compor uma trilha sonora para sua vida
Tem como a IA fazer musica?;Como IA poderia compor uma trilha sonora para sua vida
Palestra sobre a IA aprimorando as capacidades das pessoas;Como a inteligência artificial pode melhorar nossa memória, nosso trabalho e nossa vida social.
IA pode ser utilziada para aprimorar a capacidade das pessoas?;Como a inteligência artificial pode melhorar nossa memória, nosso trabalho e nossa vida social.
IA para evoluir as pessoas;Como a inteligência artificial pode melhorar nossa memória, nosso trabalho e nossa vida social.
Artigo sobre o rápido avanço da inteligência artificial;O Futuro cada vez mais perto
Tem algum artigo sobre o avanço da inteligencia artificial;O Futuro cada vez mais perto
Como a inteligencia artificial tem avançado;O Futuro cada vez mais perto
Nova teoria sobre percepções diferentes do tempo;Nova teoria diz que passado, presente e futuro coexistem
Existe alguma teoria sobre a percepção da passagem do tempo;Nova teoria diz que passado, presente e futuro coexistem
Como explicar a percepção do tempo;Nova teoria diz que passado, presente e futuro coexistem
Inteligência artificial aplicada ao tratamento de câncer;Inteligência Artificial da IBM consegue prever câncer de mama
Como a inteligencia artificial tem sido usada para combater o cancer de mama;Inteligência Artificial da IBM consegue prever câncer de mama
Existe algum avanço no uso de inteligencia artificial no tratamento de cancer;Inteligência Artificial da IBM consegue prever câncer de mama
Inteligência artificial aplicada à projeção de roupas espaciais;Inteligência artificial ajuda a Nasa a projetar novos trajes espaciais
Da para usar a inteligencia artificial para projetar roupas espaciais;Inteligência artificial ajuda a Nasa a projetar novos trajes espaciais
Roupas espaciais projetadas pela IA;Inteligência artificial ajuda a Nasa a projetar novos trajes espaciais
Como a inteligência artificial consegue reduzir peso de trajes?;Inteligência artificial ajuda a Nasa a projetar novos trajes espaciais
Peso nos trajes reduzido pela inteligencia artificial;Inteligência artificial ajuda a Nasa a projetar novos trajes espaciais
Trajes menos pesados graças a IA;Inteligência artificial ajuda a Nasa a projetar novos trajes espaciais
IA no setor financeiro;Como a inteligência artificial pode mudar o cenário de oferta de crédito
IA para aumentar a oferta de credito;Como a inteligência artificial pode mudar o cenário de oferta de crédito
Finanças controladas por IA;Como a inteligência artificial pode mudar o cenário de oferta de crédito
Tem alguma IA que é usada para visão de galáxias?;Cientistas criam programa poderoso que aprimora detecção de galáxias
IA aplicada a exploração de galaxias;Cientistas criam programa poderoso que aprimora detecção de galáxias
Galaxiadas sendo desbertas por IA;Cientistas criam programa poderoso que aprimora detecção de galáxias
Existe carros autônomos no Brasil?;Deep Learning: conheça o cérebro dos carros autônomos
Carros autonomos usados no Brasil;Deep Learning: conheça o cérebro dos carros autônomos
No Brasil já existem veículos autonomos?;Deep Learning: conheça o cérebro dos carros autônomos
Palestra relacionando inteligência artificial com revolução industrial;Como a Inteligência Artificial pode provocar uma segunda Revolução Industrial
Inteligência artifical e revolução industrial;Como a Inteligência Artificial pode provocar uma segunda Revolução Industrial
Revolução industrial com IA;Como a Inteligência Artificial pode provocar uma segunda Revolução Industrial
Palestra que fale sobre a necessidade de as pessoas estarem juntas com a IA;Como as pessoas e a inteligência artificial podem trabalhar juntas para criar melhores negócios
Qual a necessidade de pessoas e IA andarem juntas;Como as pessoas e a inteligência artificial podem trabalhar juntas para criar melhores negócios
Por que pessoas e IA devem andar próximas;Como as pessoas e a inteligência artificial podem trabalhar juntas para criar melhores negócios
Palestra sobre tecnologia que ajuda pessoas com dificuldades cognitivas;Como a nova tecnologia ajuda as pessoas cegas a explorar o mundo
Tecnologia para pessoas com dificuldades cognitivas;Como a nova tecnologia ajuda as pessoas cegas a explorar o mundo
A tecnolo pode ajudar pessoas com dificuldades cognitivas;Como a nova tecnologia ajuda as pessoas cegas a explorar o mundo
Vídeo sobre coisas interessantes que podem ser descobertas no cotidiano;A fascinante física do dia a dia
Descobertas interessantes do dia dia;A fascinante física do dia a dia
Fisica cotidiana do dia a dia;A fascinante física do dia a dia
Como a física pode ser encontrada no dia a dia;A fascinante física do dia a dia
Como é a Fisica cotidiana;A fascinante física do dia a dia
Coisa do dia a dia relacionados com Fisica;A fascinante física do dia a dia
Um dia normal com fisica;A fascinante física do dia a dia
Nasa usa AI para fazer trajes
AI procurando galaxias
musica e AI
sinfonia composta por AI
carros autonomos circulando no brasil
como carros autonomos funcionam
AI esta ajudando cegos
Cegos utilizando AI
Revolução industrial com inteligencia artifical
Roupas mais leves graças a IA
A leveza das roupas criadas por AI